{"resourceType":"ImplementationGuide","id":"hepatitis-ig","text":{"status":"extensions","div":"<div xmlns=\"http://www.w3.org/1999/xhtml\"><h2>HepatitisIG</h2><p>The official URL for this implementation guide is: </p><pre>http://hepainformatics.org/fhir/hepatitis-ig/ImplementationGuide/hepatitis-ig</pre><div><p>This Implementation Guide contains the consensus of hepatitis experts in the Philippines with  the support of the Philippine Departent of Health.</p>\n</div></div>"},"url":"http://hepainformatics.org/fhir/hepatitis-ig/ImplementationGuide/hepatitis-ig","version":"0.1.0-test","name":"HepatitisIG","title":"Hepatitis B and C Implementation Guide","status":"draft","experimental":false,"date":"2022-03-09T10:54:32+00:00","publisher":"Hepainformatics","contact":[{"telecom":[{"system":"url","value":"http://hepainformatics.hepafhir.org"}]}],"description":"This Implementation Guide contains the consensus of hepatitis experts in the Philippines with  the support of the Philippine Departent of Health.","jurisdiction":[{"coding":[{"system":"http://unstats.un.org/unsd/methods/m49/m49.htm","code":"001"}]}],"packageId":"hepainformatics.fhir.hepatitis-ig","license":"CC0-1.0","fhirVersion":["4.0.1"],"definition":{"extension":[{"extension":[{"url":"code","valueString":"copyrightyear"},{"url":"value","valueString":"2019+"}],"url":"http://hl7.org/fhir/tools/StructureDefinition/ig-parameter"},{"extension":[{"url":"code","valueString":"releaselabel"},{"url":"value","valueString":"CI Build"}],"url":"http://hl7.org/fhir/tools/StructureDefinition/ig-parameter"},{"extension":[{"url":"code","valueString":"path-binary"},{"url":"value","valueString":"input\\cql"}],"url":"http://hl7.org/fhir/tools/StructureDefinition/ig-parameter"},{"extension":[{"url":"code","valueString":"path-liquid"},{"url":"value","valueString":"templates\\liquid"}],"url":"http://hl7.org/fhir/tools/StructureDefinition/ig-parameter"},{"extension":[{"url":"code","valueString":"autoload-resources"},{"url":"value","valueString":"true"}],"url":"http://hl7.org/fhir/tools/StructureDefinition/ig-parameter"},{"extension":[{"url":"code","valueString":"path-liquid"},{"url":"value","valueString":"template/liquid"}],"url":"http://hl7.org/fhir/tools/StructureDefinition/ig-parameter"},{"extension":[{"url":"code","valueString":"path-liquid"},{"url":"value","valueString":"input/liquid"}],"url":"http://hl7.org/fhir/tools/StructureDefinition/ig-parameter"},{"extension":[{"url":"code","valueString":"path-qa"},{"url":"value","valueString":"temp/qa"}],"url":"http://hl7.org/fhir/tools/StructureDefinition/ig-parameter"},{"extension":[{"url":"code","valueString":"path-temp"},{"url":"value","valueString":"temp/pages"}],"url":"http://hl7.org/fhir/tools/StructureDefinition/ig-parameter"},{"extension":[{"url":"code","valueString":"path-output"},{"url":"value","valueString":"output"}],"url":"http://hl7.org/fhir/tools/StructureDefinition/ig-parameter"},{"extension":[{"url":"code","valueString":"path-suppressed-warnings"},{"url":"value","valueString":"input/ignoreWarnings.txt"}],"url":"http://hl7.org/fhir/tools/StructureDefinition/ig-parameter"},{"extension":[{"url":"code","valueString":"path-history"},{"url":"value","valueString":"http://hepainformatics.org/fhir/hepatitis-ig/history.html"}],"url":"http://hl7.org/fhir/tools/StructureDefinition/ig-parameter"},{"extension":[{"url":"code","valueString":"template-html"},{"url":"value","valueString":"template-page.html"}],"url":"http://hl7.org/fhir/tools/StructureDefinition/ig-parameter"},{"extension":[{"url":"code","valueString":"template-md"},{"url":"value","valueString":"template-page-md.html"}],"url":"http://hl7.org/fhir/tools/StructureDefinition/ig-parameter"},{"extension":[{"url":"code","valueString":"apply-contact"},{"url":"value","valueString":"true"}],"url":"http://hl7.org/fhir/tools/StructureDefinition/ig-parameter"},{"extension":[{"url":"code","valueString":"apply-context"},{"url":"value","valueString":"true"}],"url":"http://hl7.org/fhir/tools/StructureDefinition/ig-parameter"},{"extension":[{"url":"code","valueString":"apply-copyright"},{"url":"value","valueString":"true"}],"url":"http://hl7.org/fhir/tools/StructureDefinition/ig-parameter"},{"extension":[{"url":"code","valueString":"apply-jurisdiction"},{"url":"value","valueString":"true"}],"url":"http://hl7.org/fhir/tools/StructureDefinition/ig-parameter"},{"extension":[{"url":"code","valueString":"apply-license"},{"url":"value","valueString":"true"}],"url":"http://hl7.org/fhir/tools/StructureDefinition/ig-parameter"},{"extension":[{"url":"code","valueString":"apply-publisher"},{"url":"value","valueString":"true"}],"url":"http://hl7.org/fhir/tools/StructureDefinition/ig-parameter"},{"extension":[{"url":"code","valueString":"apply-version"},{"url":"value","valueString":"true"}],"url":"http://hl7.org/fhir/tools/StructureDefinition/ig-parameter"},{"extension":[{"url":"code","valueString":"active-tables"},{"url":"value","valueString":"true"}],"url":"http://hl7.org/fhir/tools/StructureDefinition/ig-parameter"},{"extension":[{"url":"code","valueString":"fmm-definition"},{"url":"value","valueString":"http://hl7.org/fhir/versions.html#maturity"}],"url":"http://hl7.org/fhir/tools/StructureDefinition/ig-parameter"},{"extension":[{"url":"code","valueString":"propagate-status"},{"url":"value","valueString":"true"}],"url":"http://hl7.org/fhir/tools/StructureDefinition/ig-parameter"}],"grouping":[{"id":"-str-questionnaire","name":"Structures: Questionnaires","description":"These define forms used by systems conforming to this implementation guide to capture or expose data to end users"},{"id":"-str-profile","name":"Structures: Resource Profiles","description":"These define constraints on FHIR resources for systems conforming to this implementation guide"},{"id":"-term-valueset","name":"Terminology: Value Sets","description":"These define sets of codes used by systems conforming to this implementation guide"}],"resource":[{"extension":[{"url":"http://hl7.org/fhir/StructureDefinition/implementationguide-page","valueUri":"ValueSet-hepatitis-condition-status-trend-vs.html"}],"reference":{"reference":"ValueSet/hepatitis-condition-status-trend-vs"},"name":"Condition Status Trend Value Set","description":"How patient's given disease, condition, or ability is trending.","groupingId":"-term-valueset"},{"extension":[{"url":"http://hl7.org/fhir/StructureDefinition/implementationguide-page","valueUri":"StructureDefinition-hepainformatics-hepatitis-case.html"}],"reference":{"reference":"StructureDefinition/hepainformatics-hepatitis-case"},"name":"Hepatitis Patient, suspected or confirmed","description":"Demographics of patients suspected or confirmed to have Hepatitis B or C","groupingId":"-str-profile"},{"extension":[{"url":"http://hl7.org/fhir/StructureDefinition/implementationguide-page","valueUri":"ValueSet-hepatitis-disease-status-evidence-type-vs.html"}],"reference":{"reference":"ValueSet/hepatitis-disease-status-evidence-type-vs"},"name":"hepainformatics Disease Status Evidence Type Value Set","description":"The type of evidence backing up the clinical determination of hepatitis progression.","groupingId":"-term-valueset"},{"extension":[{"url":"http://hl7.org/fhir/StructureDefinition/implementationguide-page","valueUri":"Questionnaire-myquestionnaire.html"}],"reference":{"reference":"Questionnaire/myquestionnaire"},"name":"VIRAL HEPATITIS CASE REPORT FORM","groupingId":"-str-questionnaire"},{"extension":[{"url":"http://hl7.org/fhir/StructureDefinition/implementationguide-page","valueUri":"StructureDefinition-hepainformatics-hepatitis-care.html"}],"reference":{"reference":"StructureDefinition/hepainformatics-hepatitis-care"},"name":"Hepatitis Care Data","description":"Visit information for patients suspected or confirmed to have Hepatitis B or C","groupingId":"-str-profile"}],"page":{"nameUrl":"toc.html","title":"Table of Contents","generation":"html","page":[{"nameUrl":"index.html","title":"Hepatitis IG Home Page","generation":"html"},{"nameUrl":"changes.html","title":"Hepatitis IG Change History","generation":"html"},{"nameUrl":"artifacts.html","title":"Artifacts Summary","generation":"html","page":[{"nameUrl":"Questionnaire-myquestionnaire.html","title":"VIRAL HEPATITIS CASE REPORT FORM","generation":"generated"},{"nameUrl":"StructureDefinition-hepainformatics-hepatitis-case.html","title":"Hepatitis Patient, suspected or confirmed","generation":"generated"},{"nameUrl":"StructureDefinition-hepainformatics-hepatitis-care.html","title":"Hepatitis Care Data","generation":"generated"},{"nameUrl":"ValueSet-hepatitis-condition-status-trend-vs.html","title":"Condition Status Trend Value Set","generation":"generated"},{"nameUrl":"ValueSet-hepatitis-disease-status-evidence-type-vs.html","title":"hepainformatics Disease Status Evidence Type Value Set","generation":"generated"}]}]},"parameter":[{"code":"path-resource","value":"input\\history"},{"code":"path-resource","value":"input\\scenarios"},{"code":"path-resource","value":"input/capabilities"},{"code":"path-resource","value":"input/examples"},{"code":"path-resource","value":"input/extensions"},{"code":"path-resource","value":"input/models"},{"code":"path-resource","value":"input/operations"},{"code":"path-resource","value":"input/profiles"},{"code":"path-resource","value":"input/resources"},{"code":"path-resource","value":"input/vocabulary"},{"code":"path-resource","value":"input/testing"},{"code":"path-resource","value":"input/history"},{"code":"path-resource","value":"fsh-generated/resources"},{"code":"path-pages","value":"template/config"},{"code":"path-pages","value":"input/images"},{"code":"path-tx-cache","value":"input-cache/txcache"}]}}